CREATE DATABASE test2;
SELECT COUNT(*) FROM mysql.proc WHERE DB='test2' AND NAME='' AND TYPE='';
COUNT(*)
0
SELECT @@session.sql_mode INTO @old_sql_mode;
SET SESSION sql_mode='NO_AUTO_CREATE_USER';
INSERT INTO mysql.proc VALUES('test2','','','','','CONTAINS_SQL','','','','','BEGIN\r\n \r\nEND','root@%','','','','','utf0','ci','ci','n/a');
Warnings:
Warning	1265	Data truncated for column 'type' at row 1
Warning	1265	Data truncated for column 'language' at row 1
Warning	1265	Data truncated for column 'is_deterministic' at row 1
Warning	1265	Data truncated for column 'security_type' at row 1
Warning	1265	Data truncated for column 'created' at row 1
Warning	1265	Data truncated for column 'modified' at row 1
SET SESSION sql_mode=@old_sql_mode;
DROP DATABASE test2;
ERROR 42000: Incorrect routine name ''
DELETE FROM mysql.proc WHERE DB='test2' AND NAME='' AND TYPE='';
DROP DATABASE test2;
