SET @@GLOBAL.innodb_encrypt_tables="OFF";
SELECT @@GLOBAL.innodb_encrypt_tables;
@@GLOBAL.innodb_encrypt_tables
OFF
SET SESSION innodb_encrypt_tables="ON";
ERROR HY000: Variable 'innodb_encrypt_tables' is a GLOBAL variable and should be set with SET GLOBAL
SET GLOBAL innodb_encrypt_tables="ON";
SELECT @@GLOBAL.innodb_encrypt_tables;
@@GLOBAL.innodb_encrypt_tables
ON
SET GLOBAL innodb_encrypt_tables="OFF";
SELECT @@GLOBAL.innodb_encrypt_tables;
@@GLOBAL.innodb_encrypt_tables
OFF
SET GLOBAL innodb_encrypt_tables="FORCE";
SELECT @@GLOBAL.innodb_encrypt_tables;
@@GLOBAL.innodb_encrypt_tables
FORCE
SET GLOBAL innodb_encrypt_tables=1.1;
ERROR 42000: Incorrect argument type to variable 'innodb_encrypt_tables'
SET GLOBAL innodb_encrypt_tables=1e1;
ERROR 42000: Incorrect argument type to variable 'innodb_encrypt_tables'
SET GLOBAL innodb_encrypt_tables=NULL;
ERROR 42000: Variable 'innodb_encrypt_tables' can't be set to the value of 'NULL'
SET GLOBAL innodb_encrypt_tables='foo';
ERROR 42000: Variable 'innodb_encrypt_tables' can't be set to the value of 'foo'
SELECT @@GLOBAL.innodb_encrypt_tables;
@@GLOBAL.innodb_encrypt_tables
FORCE
SET @@GLOBAL.innodb_encrypt_tables="OFF";
