select @@session.pseudo_server_id;
@@session.pseudo_server_id
0
set session pseudo_server_id= 1;
select @@session.pseudo_server_id;
@@session.pseudo_server_id
1
set session pseudo_server_id= default;
select @@session.pseudo_server_id;
@@session.pseudo_server_id
0
CREATE USER 'user1'@'localhost' IDENTIFIED BY '111';
select @@session.pseudo_server_id;
@@session.pseudo_server_id
0
set session pseudo_server_id= 1;
ERROR 42000: Access denied; you need (at least one of) the SUPER privilege(s) for this operation
select @@session.pseudo_server_id;
@@session.pseudo_server_id
0
GRANT SUPER ON *.* TO user1@localhost;
FLUSH PRIVILEGES;
set session pseudo_server_id= 1;
select @@session.pseudo_server_id;
@@session.pseudo_server_id
1
DROP USER 'user1'@'localhost';
