include/master-slave.inc
Warnings:
Note	####	Sending passwords in plain text without SSL/TLS is extremely insecure.
Note	####	Storing MySQL user name or password information in the master info repository is not secure and is therefore not recommended. Please consider using the USER and PASSWORD connection options for START SLAVE; see the 'START SLAVE Syntax' in the MySQL Manual for more information.
[connection master]
create table p (a int);
set session pseudo_server_id= 10;
insert into p (a) values (1), (2), (3), (4), (5);
set session pseudo_server_id= 2;
insert into p (a) values (11), (12), (13), (14), (15);
include/sync_slave_sql_with_master.inc
select * from p;
a
1
2
3
4
5
set session pseudo_server_id= 0;
drop table p;
set session pseudo_server_id= 100;
create temporary table t (a int);
set session pseudo_server_id= 200;
create temporary table t (a int);
drop table t;
set session pseudo_server_id= 100;
drop table t;
set session pseudo_server_id= 0;
set global server_id= 1000;
set session pseudo_server_id= 5000;
create table t (a int);
insert into t values (1);
set global server_id= 2000;
insert into t values (2);
set session pseudo_server_id= 0;
insert into t values (3);
set global server_id= 1;
drop table t;
create table t (a int);
start transaction;
insert into t (a) values (1);
set session pseudo_server_id= 2;
insert into t (a) values (2);
set session pseudo_server_id= 0;
commit;
select * from t;
a
1
2
include/sync_slave_sql_with_master.inc
select * from t;
a
1
drop table t;
include/show_binlog_events.inc
Log_name	Pos	Event_type	Server_id	End_log_pos	Info
master-bin.000001	#	Query	1	#	use `test`; create table p (a int)
master-bin.000001	#	Query	10	#	BEGIN
master-bin.000001	#	Query	10	#	use `test`; insert into p (a) values (1), (2), (3), (4), (5)
master-bin.000001	#	Xid	10	#	COMMIT /* XID */
master-bin.000001	#	Query	2	#	BEGIN
master-bin.000001	#	Query	2	#	use `test`; insert into p (a) values (11), (12), (13), (14), (15)
master-bin.000001	#	Xid	2	#	COMMIT /* XID */
master-bin.000001	#	Query	1	#	use `test`; DROP TABLE `p` /* generated by server */
master-bin.000001	#	Query	100	#	use `test`; create temporary table t (a int)
master-bin.000001	#	Query	200	#	use `test`; create temporary table t (a int)
master-bin.000001	#	Query	200	#	use `test`; DROP TEMPORARY TABLE `t` /* generated by server */
master-bin.000001	#	Query	100	#	use `test`; DROP TEMPORARY TABLE `t` /* generated by server */
master-bin.000001	#	Query	5000	#	use `test`; create table t (a int)
master-bin.000001	#	Query	5000	#	BEGIN
master-bin.000001	#	Query	5000	#	use `test`; insert into t values (1)
master-bin.000001	#	Xid	5000	#	COMMIT /* XID */
master-bin.000001	#	Query	5000	#	BEGIN
master-bin.000001	#	Query	5000	#	use `test`; insert into t values (2)
master-bin.000001	#	Xid	5000	#	COMMIT /* XID */
master-bin.000001	#	Query	2000	#	BEGIN
master-bin.000001	#	Query	2000	#	use `test`; insert into t values (3)
master-bin.000001	#	Xid	2000	#	COMMIT /* XID */
master-bin.000001	#	Query	1	#	use `test`; DROP TABLE `t` /* generated by server */
master-bin.000001	#	Query	1	#	use `test`; create table t (a int)
master-bin.000001	#	Query	1	#	BEGIN
master-bin.000001	#	Query	1	#	use `test`; insert into t (a) values (1)
master-bin.000001	#	Query	2	#	use `test`; insert into t (a) values (2)
master-bin.000001	#	Xid	1	#	COMMIT /* XID */
master-bin.000001	#	Query	1	#	use `test`; DROP TABLE `t` /* generated by server */
include/sync_slave_sql_with_master.inc
include/show_binlog_events.inc
Log_name	Pos	Event_type	Server_id	End_log_pos	Info
slave-bin.000001	#	Query	1	#	use `test`; create table p (a int)
slave-bin.000001	#	Query	10	#	BEGIN
slave-bin.000001	#	Query	10	#	use `test`; insert into p (a) values (1), (2), (3), (4), (5)
slave-bin.000001	#	Xid	10	#	COMMIT /* XID */
slave-bin.000001	#	Query	1	#	use `test`; DROP TABLE `p` /* generated by server */
slave-bin.000001	#	Query	100	#	use `test`; create temporary table t (a int)
slave-bin.000001	#	Query	200	#	use `test`; create temporary table t (a int)
slave-bin.000001	#	Query	200	#	use `test`; DROP TEMPORARY TABLE `t` /* generated by server */
slave-bin.000001	#	Query	100	#	use `test`; DROP TEMPORARY TABLE `t` /* generated by server */
slave-bin.000001	#	Query	5000	#	use `test`; create table t (a int)
slave-bin.000001	#	Query	5000	#	BEGIN
slave-bin.000001	#	Query	5000	#	use `test`; insert into t values (1)
slave-bin.000001	#	Xid	5000	#	COMMIT /* XID */
slave-bin.000001	#	Query	5000	#	BEGIN
slave-bin.000001	#	Query	5000	#	use `test`; insert into t values (2)
slave-bin.000001	#	Xid	5000	#	COMMIT /* XID */
slave-bin.000001	#	Query	2000	#	BEGIN
slave-bin.000001	#	Query	2000	#	use `test`; insert into t values (3)
slave-bin.000001	#	Xid	2000	#	COMMIT /* XID */
slave-bin.000001	#	Query	1	#	use `test`; DROP TABLE `t` /* generated by server */
slave-bin.000001	#	Query	1	#	use `test`; create table t (a int)
slave-bin.000001	#	Query	1	#	BEGIN
slave-bin.000001	#	Query	1	#	use `test`; insert into t (a) values (1)
slave-bin.000001	#	Xid	1	#	COMMIT /* XID */
slave-bin.000001	#	Query	1	#	use `test`; DROP TABLE `t` /* generated by server */
include/rpl_end.inc
