include/rpl_init.inc [topology=1->2->3->4->1]
Warnings:
Note	####	Sending passwords in plain text without SSL/TLS is extremely insecure.
Note	####	Storing MySQL user name or password information in the master info repository is not secure and is therefore not recommended. Please consider using the USER and PASSWORD connection options for START SLAVE; see the 'START SLAVE Syntax' in the MySQL Manual for more information.
Warnings:
Note	####	Sending passwords in plain text without SSL/TLS is extremely insecure.
Note	####	Storing MySQL user name or password information in the master info repository is not secure and is therefore not recommended. Please consider using the USER and PASSWORD connection options for START SLAVE; see the 'START SLAVE Syntax' in the MySQL Manual for more information.
Warnings:
Note	####	Sending passwords in plain text without SSL/TLS is extremely insecure.
Note	####	Storing MySQL user name or password information in the master info repository is not secure and is therefore not recommended. Please consider using the USER and PASSWORD connection options for START SLAVE; see the 'START SLAVE Syntax' in the MySQL Manual for more information.
Warnings:
Note	####	Sending passwords in plain text without SSL/TLS is extremely insecure.
Note	####	Storing MySQL user name or password information in the master info repository is not secure and is therefore not recommended. Please consider using the USER and PASSWORD connection options for START SLAVE; see the 'START SLAVE Syntax' in the MySQL Manual for more information.
include/rpl_connect.inc [creating server1]
include/rpl_connect.inc [creating server2]
include/rpl_connect.inc [creating server3]
include/rpl_connect.inc [creating server4]
create table t (s_id int, ps_id int, val char(1));
insert into t values (1, 0, 'a');
set session pseudo_server_id= 1;
insert into t values (1, 1, 'a');
set session pseudo_server_id= 2;
insert into t values (1, 2, 'a');
set session pseudo_server_id= 3;
insert into t values (1, 3, 'a');
set session pseudo_server_id= 4;
insert into t values (1, 4, 'a');
set session pseudo_server_id= 0;
select @@server_id s, s_id, ps_id, val from t;
s	s_id	ps_id	val
1	1	0	a
1	1	1	a
1	1	2	a
1	1	3	a
1	1	4	a
include/sync_slave_sql_with_master.inc
select @@server_id s, s_id, ps_id, val from t;
s	s_id	ps_id	val
2	1	0	a
2	1	1	a
2	1	3	a
2	1	4	a
include/sync_slave_sql_with_master.inc
select @@server_id s, s_id, ps_id, val from t;
s	s_id	ps_id	val
3	1	0	a
3	1	1	a
3	1	4	a
include/sync_slave_sql_with_master.inc
select @@server_id s, s_id, ps_id, val from t;
s	s_id	ps_id	val
4	1	0	a
4	1	1	a
include/sync_slave_sql_with_master.inc
drop table t;
create table t (id int auto_increment primary key, s_id int, ps_id int, val char(1));
insert into t values (NULL, 1, 0, 'b');
set session pseudo_server_id= 1;
insert into t values (NULL, 1, 1, 'b');
set session pseudo_server_id= 2;
insert into t values (NULL, 1, 2, 'b');
set session pseudo_server_id= 3;
insert into t values (NULL, 1, 3, 'b');
set session pseudo_server_id= 4;
insert into t values (NULL, 1, 4, 'b');
set session pseudo_server_id= 0;
select @@server_id s, id, s_id, ps_id, val from t;
s	id	s_id	ps_id	val
1	1	1	0	b
1	5	1	1	b
1	9	1	2	b
1	13	1	3	b
1	17	1	4	b
include/sync_slave_sql_with_master.inc
select @@server_id s, id, s_id, ps_id, val from t;
s	id	s_id	ps_id	val
2	1	1	0	b
2	5	1	1	b
2	13	1	3	b
2	17	1	4	b
include/sync_slave_sql_with_master.inc
select @@server_id s, id, s_id, ps_id, val from t;
s	id	s_id	ps_id	val
3	1	1	0	b
3	5	1	1	b
3	17	1	4	b
include/sync_slave_sql_with_master.inc
select @@server_id s, id, s_id, ps_id, val from t;
s	id	s_id	ps_id	val
4	1	1	0	b
4	5	1	1	b
include/sync_slave_sql_with_master.inc
drop table t;
create table t (id int auto_increment primary key, s_id int, ps_id int, val char(1));
set session pseudo_server_id= 4;
insert into t values (NULL, 1, 4, 'c');
insert into t values (NULL, 1, 4, 'c');
set session pseudo_server_id= 0;
include/sync_slave_sql_with_master.inc
set session pseudo_server_id= 1;
insert into t values (NULL, 2, 1, 'c');
insert into t values (NULL, 2, 1, 'c');
set session pseudo_server_id= 0;
include/sync_slave_sql_with_master.inc
set session pseudo_server_id= 2;
insert into t values (NULL, 3, 2, 'c');
insert into t values (NULL, 3, 2, 'c');
set session pseudo_server_id= 0;
include/sync_slave_sql_with_master.inc
set session pseudo_server_id= 3;
insert into t values (NULL, 4, 3, 'c');
insert into t values (NULL, 4, 3, 'c');
set session pseudo_server_id= 0;
include/sync_slave_sql_with_master.inc
select @@server_id s, s_id, id, ps_id, val from t order by s_id, id;
s	s_id	id	ps_id	val
1	1	1	4	c
1	1	5	4	c
1	3	11	2	c
1	3	15	2	c
1	4	16	3	c
1	4	20	3	c
include/show_binlog_events.inc
Log_name	Pos	Event_type	Server_id	End_log_pos	Info
mysqld-bin.000001	#	Query	1	#	use `test`; create table t (s_id int, ps_id int, val char(1))
mysqld-bin.000001	#	Query	1	#	BEGIN
mysqld-bin.000001	#	Query	1	#	use `test`; insert into t values (1, 0, 'a')
mysqld-bin.000001	#	Xid	1	#	COMMIT /* XID */
mysqld-bin.000001	#	Query	1	#	BEGIN
mysqld-bin.000001	#	Query	1	#	use `test`; insert into t values (1, 1, 'a')
mysqld-bin.000001	#	Xid	1	#	COMMIT /* XID */
mysqld-bin.000001	#	Query	2	#	BEGIN
mysqld-bin.000001	#	Query	2	#	use `test`; insert into t values (1, 2, 'a')
mysqld-bin.000001	#	Xid	2	#	COMMIT /* XID */
mysqld-bin.000001	#	Query	3	#	BEGIN
mysqld-bin.000001	#	Query	3	#	use `test`; insert into t values (1, 3, 'a')
mysqld-bin.000001	#	Xid	3	#	COMMIT /* XID */
mysqld-bin.000001	#	Query	4	#	BEGIN
mysqld-bin.000001	#	Query	4	#	use `test`; insert into t values (1, 4, 'a')
mysqld-bin.000001	#	Xid	4	#	COMMIT /* XID */
mysqld-bin.000001	#	Query	1	#	use `test`; DROP TABLE `t` /* generated by server */
mysqld-bin.000001	#	Query	1	#	use `test`; create table t (id int auto_increment primary key, s_id int, ps_id int, val char(1))
mysqld-bin.000001	#	Query	1	#	BEGIN
mysqld-bin.000001	#	Intvar	1	#	INSERT_ID=1
mysqld-bin.000001	#	Query	1	#	use `test`; insert into t values (NULL, 1, 0, 'b')
mysqld-bin.000001	#	Xid	1	#	COMMIT /* XID */
mysqld-bin.000001	#	Query	1	#	BEGIN
mysqld-bin.000001	#	Intvar	1	#	INSERT_ID=5
mysqld-bin.000001	#	Query	1	#	use `test`; insert into t values (NULL, 1, 1, 'b')
mysqld-bin.000001	#	Xid	1	#	COMMIT /* XID */
mysqld-bin.000001	#	Query	2	#	BEGIN
mysqld-bin.000001	#	Intvar	2	#	INSERT_ID=9
mysqld-bin.000001	#	Query	2	#	use `test`; insert into t values (NULL, 1, 2, 'b')
mysqld-bin.000001	#	Xid	2	#	COMMIT /* XID */
mysqld-bin.000001	#	Query	3	#	BEGIN
mysqld-bin.000001	#	Intvar	3	#	INSERT_ID=13
mysqld-bin.000001	#	Query	3	#	use `test`; insert into t values (NULL, 1, 3, 'b')
mysqld-bin.000001	#	Xid	3	#	COMMIT /* XID */
mysqld-bin.000001	#	Query	4	#	BEGIN
mysqld-bin.000001	#	Intvar	4	#	INSERT_ID=17
mysqld-bin.000001	#	Query	4	#	use `test`; insert into t values (NULL, 1, 4, 'b')
mysqld-bin.000001	#	Xid	4	#	COMMIT /* XID */
mysqld-bin.000001	#	Query	1	#	use `test`; DROP TABLE `t` /* generated by server */
mysqld-bin.000001	#	Query	1	#	use `test`; create table t (id int auto_increment primary key, s_id int, ps_id int, val char(1))
mysqld-bin.000001	#	Query	4	#	BEGIN
mysqld-bin.000001	#	Intvar	4	#	INSERT_ID=1
mysqld-bin.000001	#	Query	4	#	use `test`; insert into t values (NULL, 1, 4, 'c')
mysqld-bin.000001	#	Xid	4	#	COMMIT /* XID */
mysqld-bin.000001	#	Query	4	#	BEGIN
mysqld-bin.000001	#	Intvar	4	#	INSERT_ID=5
mysqld-bin.000001	#	Query	4	#	use `test`; insert into t values (NULL, 1, 4, 'c')
mysqld-bin.000001	#	Xid	4	#	COMMIT /* XID */
mysqld-bin.000001	#	Query	2	#	BEGIN
mysqld-bin.000001	#	Intvar	2	#	INSERT_ID=11
mysqld-bin.000001	#	Query	2	#	use `test`; insert into t values (NULL, 3, 2, 'c')
mysqld-bin.000001	#	Xid	2	#	COMMIT /* XID */
mysqld-bin.000001	#	Query	2	#	BEGIN
mysqld-bin.000001	#	Intvar	2	#	INSERT_ID=15
mysqld-bin.000001	#	Query	2	#	use `test`; insert into t values (NULL, 3, 2, 'c')
mysqld-bin.000001	#	Xid	2	#	COMMIT /* XID */
mysqld-bin.000001	#	Query	3	#	BEGIN
mysqld-bin.000001	#	Intvar	3	#	INSERT_ID=16
mysqld-bin.000001	#	Query	3	#	use `test`; insert into t values (NULL, 4, 3, 'c')
mysqld-bin.000001	#	Xid	3	#	COMMIT /* XID */
mysqld-bin.000001	#	Query	3	#	BEGIN
mysqld-bin.000001	#	Intvar	3	#	INSERT_ID=20
mysqld-bin.000001	#	Query	3	#	use `test`; insert into t values (NULL, 4, 3, 'c')
mysqld-bin.000001	#	Xid	3	#	COMMIT /* XID */
include/sync_slave_sql_with_master.inc
select @@server_id s, s_id, id, ps_id, val from t order by s_id, id;
s	s_id	id	ps_id	val
2	1	1	4	c
2	1	5	4	c
2	2	6	1	c
2	2	10	1	c
2	4	16	3	c
2	4	20	3	c
include/show_binlog_events.inc
Log_name	Pos	Event_type	Server_id	End_log_pos	Info
mysqld-bin.000001	#	Query	1	#	use `test`; create table t (s_id int, ps_id int, val char(1))
mysqld-bin.000001	#	Query	1	#	BEGIN
mysqld-bin.000001	#	Query	1	#	use `test`; insert into t values (1, 0, 'a')
mysqld-bin.000001	#	Xid	1	#	COMMIT /* XID */
mysqld-bin.000001	#	Query	1	#	BEGIN
mysqld-bin.000001	#	Query	1	#	use `test`; insert into t values (1, 1, 'a')
mysqld-bin.000001	#	Xid	1	#	COMMIT /* XID */
mysqld-bin.000001	#	Query	3	#	BEGIN
mysqld-bin.000001	#	Query	3	#	use `test`; insert into t values (1, 3, 'a')
mysqld-bin.000001	#	Xid	3	#	COMMIT /* XID */
mysqld-bin.000001	#	Query	4	#	BEGIN
mysqld-bin.000001	#	Query	4	#	use `test`; insert into t values (1, 4, 'a')
mysqld-bin.000001	#	Xid	4	#	COMMIT /* XID */
mysqld-bin.000001	#	Query	1	#	use `test`; DROP TABLE `t` /* generated by server */
mysqld-bin.000001	#	Query	1	#	use `test`; create table t (id int auto_increment primary key, s_id int, ps_id int, val char(1))
mysqld-bin.000001	#	Query	1	#	BEGIN
mysqld-bin.000001	#	Intvar	1	#	INSERT_ID=1
mysqld-bin.000001	#	Query	1	#	use `test`; insert into t values (NULL, 1, 0, 'b')
mysqld-bin.000001	#	Xid	1	#	COMMIT /* XID */
mysqld-bin.000001	#	Query	1	#	BEGIN
mysqld-bin.000001	#	Intvar	1	#	INSERT_ID=5
mysqld-bin.000001	#	Query	1	#	use `test`; insert into t values (NULL, 1, 1, 'b')
mysqld-bin.000001	#	Xid	1	#	COMMIT /* XID */
mysqld-bin.000001	#	Query	3	#	BEGIN
mysqld-bin.000001	#	Intvar	3	#	INSERT_ID=13
mysqld-bin.000001	#	Query	3	#	use `test`; insert into t values (NULL, 1, 3, 'b')
mysqld-bin.000001	#	Xid	3	#	COMMIT /* XID */
mysqld-bin.000001	#	Query	4	#	BEGIN
mysqld-bin.000001	#	Intvar	4	#	INSERT_ID=17
mysqld-bin.000001	#	Query	4	#	use `test`; insert into t values (NULL, 1, 4, 'b')
mysqld-bin.000001	#	Xid	4	#	COMMIT /* XID */
mysqld-bin.000001	#	Query	1	#	use `test`; DROP TABLE `t` /* generated by server */
mysqld-bin.000001	#	Query	1	#	use `test`; create table t (id int auto_increment primary key, s_id int, ps_id int, val char(1))
mysqld-bin.000001	#	Query	4	#	BEGIN
mysqld-bin.000001	#	Intvar	4	#	INSERT_ID=1
mysqld-bin.000001	#	Query	4	#	use `test`; insert into t values (NULL, 1, 4, 'c')
mysqld-bin.000001	#	Xid	4	#	COMMIT /* XID */
mysqld-bin.000001	#	Query	4	#	BEGIN
mysqld-bin.000001	#	Intvar	4	#	INSERT_ID=5
mysqld-bin.000001	#	Query	4	#	use `test`; insert into t values (NULL, 1, 4, 'c')
mysqld-bin.000001	#	Xid	4	#	COMMIT /* XID */
mysqld-bin.000001	#	Query	1	#	BEGIN
mysqld-bin.000001	#	Intvar	1	#	INSERT_ID=6
mysqld-bin.000001	#	Query	1	#	use `test`; insert into t values (NULL, 2, 1, 'c')
mysqld-bin.000001	#	Xid	1	#	COMMIT /* XID */
mysqld-bin.000001	#	Query	1	#	BEGIN
mysqld-bin.000001	#	Intvar	1	#	INSERT_ID=10
mysqld-bin.000001	#	Query	1	#	use `test`; insert into t values (NULL, 2, 1, 'c')
mysqld-bin.000001	#	Xid	1	#	COMMIT /* XID */
mysqld-bin.000001	#	Query	3	#	BEGIN
mysqld-bin.000001	#	Intvar	3	#	INSERT_ID=16
mysqld-bin.000001	#	Query	3	#	use `test`; insert into t values (NULL, 4, 3, 'c')
mysqld-bin.000001	#	Xid	3	#	COMMIT /* XID */
mysqld-bin.000001	#	Query	3	#	BEGIN
mysqld-bin.000001	#	Intvar	3	#	INSERT_ID=20
mysqld-bin.000001	#	Query	3	#	use `test`; insert into t values (NULL, 4, 3, 'c')
mysqld-bin.000001	#	Xid	3	#	COMMIT /* XID */
include/sync_slave_sql_with_master.inc
select @@server_id s, s_id, id, ps_id, val from t order by s_id, id;
s	s_id	id	ps_id	val
3	1	1	4	c
3	1	5	4	c
3	2	6	1	c
3	2	10	1	c
3	3	11	2	c
3	3	15	2	c
include/show_binlog_events.inc
Log_name	Pos	Event_type	Server_id	End_log_pos	Info
mysqld-bin.000001	#	Query	1	#	use `test`; create table t (s_id int, ps_id int, val char(1))
mysqld-bin.000001	#	Query	1	#	BEGIN
mysqld-bin.000001	#	Query	1	#	use `test`; insert into t values (1, 0, 'a')
mysqld-bin.000001	#	Xid	1	#	COMMIT /* XID */
mysqld-bin.000001	#	Query	1	#	BEGIN
mysqld-bin.000001	#	Query	1	#	use `test`; insert into t values (1, 1, 'a')
mysqld-bin.000001	#	Xid	1	#	COMMIT /* XID */
mysqld-bin.000001	#	Query	4	#	BEGIN
mysqld-bin.000001	#	Query	4	#	use `test`; insert into t values (1, 4, 'a')
mysqld-bin.000001	#	Xid	4	#	COMMIT /* XID */
mysqld-bin.000001	#	Query	1	#	use `test`; DROP TABLE `t` /* generated by server */
mysqld-bin.000001	#	Query	1	#	use `test`; create table t (id int auto_increment primary key, s_id int, ps_id int, val char(1))
mysqld-bin.000001	#	Query	1	#	BEGIN
mysqld-bin.000001	#	Intvar	1	#	INSERT_ID=1
mysqld-bin.000001	#	Query	1	#	use `test`; insert into t values (NULL, 1, 0, 'b')
mysqld-bin.000001	#	Xid	1	#	COMMIT /* XID */
mysqld-bin.000001	#	Query	1	#	BEGIN
mysqld-bin.000001	#	Intvar	1	#	INSERT_ID=5
mysqld-bin.000001	#	Query	1	#	use `test`; insert into t values (NULL, 1, 1, 'b')
mysqld-bin.000001	#	Xid	1	#	COMMIT /* XID */
mysqld-bin.000001	#	Query	4	#	BEGIN
mysqld-bin.000001	#	Intvar	4	#	INSERT_ID=17
mysqld-bin.000001	#	Query	4	#	use `test`; insert into t values (NULL, 1, 4, 'b')
mysqld-bin.000001	#	Xid	4	#	COMMIT /* XID */
mysqld-bin.000001	#	Query	1	#	use `test`; DROP TABLE `t` /* generated by server */
mysqld-bin.000001	#	Query	1	#	use `test`; create table t (id int auto_increment primary key, s_id int, ps_id int, val char(1))
mysqld-bin.000001	#	Query	4	#	BEGIN
mysqld-bin.000001	#	Intvar	4	#	INSERT_ID=1
mysqld-bin.000001	#	Query	4	#	use `test`; insert into t values (NULL, 1, 4, 'c')
mysqld-bin.000001	#	Xid	4	#	COMMIT /* XID */
mysqld-bin.000001	#	Query	4	#	BEGIN
mysqld-bin.000001	#	Intvar	4	#	INSERT_ID=5
mysqld-bin.000001	#	Query	4	#	use `test`; insert into t values (NULL, 1, 4, 'c')
mysqld-bin.000001	#	Xid	4	#	COMMIT /* XID */
mysqld-bin.000001	#	Query	1	#	BEGIN
mysqld-bin.000001	#	Intvar	1	#	INSERT_ID=6
mysqld-bin.000001	#	Query	1	#	use `test`; insert into t values (NULL, 2, 1, 'c')
mysqld-bin.000001	#	Xid	1	#	COMMIT /* XID */
mysqld-bin.000001	#	Query	1	#	BEGIN
mysqld-bin.000001	#	Intvar	1	#	INSERT_ID=10
mysqld-bin.000001	#	Query	1	#	use `test`; insert into t values (NULL, 2, 1, 'c')
mysqld-bin.000001	#	Xid	1	#	COMMIT /* XID */
mysqld-bin.000001	#	Query	2	#	BEGIN
mysqld-bin.000001	#	Intvar	2	#	INSERT_ID=11
mysqld-bin.000001	#	Query	2	#	use `test`; insert into t values (NULL, 3, 2, 'c')
mysqld-bin.000001	#	Xid	2	#	COMMIT /* XID */
mysqld-bin.000001	#	Query	2	#	BEGIN
mysqld-bin.000001	#	Intvar	2	#	INSERT_ID=15
mysqld-bin.000001	#	Query	2	#	use `test`; insert into t values (NULL, 3, 2, 'c')
mysqld-bin.000001	#	Xid	2	#	COMMIT /* XID */
include/sync_slave_sql_with_master.inc
select @@server_id s, s_id, id, ps_id, val from t order by s_id, id;
s	s_id	id	ps_id	val
4	2	6	1	c
4	2	10	1	c
4	3	11	2	c
4	3	15	2	c
4	4	16	3	c
4	4	20	3	c
include/show_binlog_events.inc
Log_name	Pos	Event_type	Server_id	End_log_pos	Info
mysqld-bin.000001	#	Query	1	#	use `test`; create table t (s_id int, ps_id int, val char(1))
mysqld-bin.000001	#	Query	1	#	BEGIN
mysqld-bin.000001	#	Query	1	#	use `test`; insert into t values (1, 0, 'a')
mysqld-bin.000001	#	Xid	1	#	COMMIT /* XID */
mysqld-bin.000001	#	Query	1	#	BEGIN
mysqld-bin.000001	#	Query	1	#	use `test`; insert into t values (1, 1, 'a')
mysqld-bin.000001	#	Xid	1	#	COMMIT /* XID */
mysqld-bin.000001	#	Query	1	#	use `test`; DROP TABLE `t` /* generated by server */
mysqld-bin.000001	#	Query	1	#	use `test`; create table t (id int auto_increment primary key, s_id int, ps_id int, val char(1))
mysqld-bin.000001	#	Query	1	#	BEGIN
mysqld-bin.000001	#	Intvar	1	#	INSERT_ID=1
mysqld-bin.000001	#	Query	1	#	use `test`; insert into t values (NULL, 1, 0, 'b')
mysqld-bin.000001	#	Xid	1	#	COMMIT /* XID */
mysqld-bin.000001	#	Query	1	#	BEGIN
mysqld-bin.000001	#	Intvar	1	#	INSERT_ID=5
mysqld-bin.000001	#	Query	1	#	use `test`; insert into t values (NULL, 1, 1, 'b')
mysqld-bin.000001	#	Xid	1	#	COMMIT /* XID */
mysqld-bin.000001	#	Query	1	#	use `test`; DROP TABLE `t` /* generated by server */
mysqld-bin.000001	#	Query	1	#	use `test`; create table t (id int auto_increment primary key, s_id int, ps_id int, val char(1))
mysqld-bin.000001	#	Query	1	#	BEGIN
mysqld-bin.000001	#	Intvar	1	#	INSERT_ID=6
mysqld-bin.000001	#	Query	1	#	use `test`; insert into t values (NULL, 2, 1, 'c')
mysqld-bin.000001	#	Xid	1	#	COMMIT /* XID */
mysqld-bin.000001	#	Query	1	#	BEGIN
mysqld-bin.000001	#	Intvar	1	#	INSERT_ID=10
mysqld-bin.000001	#	Query	1	#	use `test`; insert into t values (NULL, 2, 1, 'c')
mysqld-bin.000001	#	Xid	1	#	COMMIT /* XID */
mysqld-bin.000001	#	Query	2	#	BEGIN
mysqld-bin.000001	#	Intvar	2	#	INSERT_ID=11
mysqld-bin.000001	#	Query	2	#	use `test`; insert into t values (NULL, 3, 2, 'c')
mysqld-bin.000001	#	Xid	2	#	COMMIT /* XID */
mysqld-bin.000001	#	Query	2	#	BEGIN
mysqld-bin.000001	#	Intvar	2	#	INSERT_ID=15
mysqld-bin.000001	#	Query	2	#	use `test`; insert into t values (NULL, 3, 2, 'c')
mysqld-bin.000001	#	Xid	2	#	COMMIT /* XID */
mysqld-bin.000001	#	Query	3	#	BEGIN
mysqld-bin.000001	#	Intvar	3	#	INSERT_ID=16
mysqld-bin.000001	#	Query	3	#	use `test`; insert into t values (NULL, 4, 3, 'c')
mysqld-bin.000001	#	Xid	3	#	COMMIT /* XID */
mysqld-bin.000001	#	Query	3	#	BEGIN
mysqld-bin.000001	#	Intvar	3	#	INSERT_ID=20
mysqld-bin.000001	#	Query	3	#	use `test`; insert into t values (NULL, 4, 3, 'c')
mysqld-bin.000001	#	Xid	3	#	COMMIT /* XID */
include/sync_slave_sql_with_master.inc
drop table t;
include/rpl_end.inc
