# Do tests on un-encrypted system tablespace
SELECT @@innodb_sys_tablespace_encrypt;
@@innodb_sys_tablespace_encrypt
0
CREATE TABLE t1(a TEXT) TABLESPACE = innodb_system, ENCRYPTION='Y';
ERROR HY000: InnoDB: Tablespace `innodb_system` cannot contain an ENCRYPTED table.
CREATE TABLE t2(a TEXT) TABLESPACE = innodb_system, ENCRYPTION='N';
DROP TABLE t2;
CREATE TABLE t3(a TEXT) TABLESPACE = innodb_system;
DROP TABLE t3;
# System is unencrypted, test with innodb_encrypt_tables=OFF
SET @save_innodb_encrypt_tables=@@innodb_encrypt_tables;
SET GLOBAL innodb_encrypt_tables=OFF;
SELECT @@innodb_encrypt_tables;
@@innodb_encrypt_tables
OFF
CREATE TABLE t4(a TEXT) TABLESPACE = innodb_system;
DROP TABLE t4;
CREATE TABLE t5(a TEXT) TABLESPACE = innodb_system, ENCRYPTION='Y';
ERROR HY000: InnoDB: Tablespace `innodb_system` cannot contain an ENCRYPTED table.
CREATE TABLE t6(a TEXT) TABLESPACE = innodb_system, ENCRYPTION='N';
DROP TABLE t6;
# System is unencrypted, test with innodb_encrypt_tables=ON
SET GLOBAL innodb_encrypt_tables=ON;
SELECT @@innodb_encrypt_tables;
@@innodb_encrypt_tables
ON
CREATE TABLE t7(a TEXT) TABLESPACE = innodb_system;
ERROR HY000: InnoDB: Tablespace `innodb_system` cannot contain an ENCRYPTED table.
CREATE TABLE t8(a TEXT) TABLESPACE = innodb_system, ENCRYPTION='Y';
ERROR HY000: InnoDB: Tablespace `innodb_system` cannot contain an ENCRYPTED table.
CREATE TABLE t8(a TEXT) TABLESPACE = innodb_system, ENCRYPTION='N';
DROP TABLE t8;
# System is unencrypted, test with innodb_encrypt_tables=FORCE
SET GLOBAL innodb_encrypt_tables=FORCE;
SELECT @@innodb_encrypt_tables;
@@innodb_encrypt_tables
FORCE
CREATE TABLE t9(a TEXT) TABLESPACE = innodb_system;
ERROR HY000: InnoDB: Tablespace `innodb_system` cannot contain an ENCRYPTED table.
CREATE TABLE t10(a TEXT) TABLESPACE = innodb_system, ENCRYPTION='Y';
ERROR HY000: InnoDB: Tablespace `innodb_system` cannot contain an ENCRYPTED table.
CREATE TABLE t11(a TEXT) TABLESPACE = innodb_system, ENCRYPTION='N';
ERROR HY000: InnoDB: Only Master Key encrypted tables (ENCRYPTION='Y') can be created with innodb_encrypt_tables=FORCE.
SET GLOBAL innodb_encrypt_tables=@save_innodb_encrypt_tables;
# 1. Move table from un-encrypted sys tablespace to another encrypted tablespace
CREATE TABLE t1 (a int) TABLESPACE = `innodb_system`;
ALTER TABLE t1 TABLESPACE = `innodb_file_per_table`, ENCRYPTION='Y';
DROP TABLE t1;
CREATE TABLE t1 (a int) TABLESPACE = `innodb_system`;
CREATE TABLESPACE tb01 ADD DATAFILE 'tb01.ibd' ENCRYPTION='Y';
# Must fail. Encrypted external tablespace will not allow un-encrypted tables
ALTER TABLE t1 TABLESPACE = `tb01`;
ERROR HY000: InnoDB: Tablespace `tb01` can contain only an ENCRYPTED tables.
DROP TABLE t1;
DROP TABLESPACE tb01;
# 2. Move table from un-encrypted sys tablespace to another un-encrypted tablespace
CREATE TABLE t1 (a int) TABLESPACE = `innodb_system`;
ALTER TABLE t1 TABLESPACE = `innodb_file_per_table`;
DROP TABLE t1;
CREATE TABLE t1 (a int) TABLESPACE = `innodb_system`;
CREATE TABLESPACE tb01 ADD DATAFILE 'tb01.ibd';
ALTER TABLE t1 TABLESPACE = `tb01`;
DROP TABLE t1;
DROP TABLESPACE tb01;
# Stop the instance which was created by MTR
# create bootstrap file
# start unencrypted system with --innodb-sys-tablespace-encrypt=ON
Pattern found.
# Bootstrap new instance with encrypted system tablespace
# Start encrypted system with --innodb-sys-tablespace-encrypt=OFF
Pattern found.
# Start encrypted system without early-plugin-load and only --plugin-load
Pattern found.
# Start encrypted system without keyring_data
Pattern found.
# Start the instance with encrypted system tablespace
# restart: --datadir=MYSQLD_DATADIR1 --innodb-sys-tablespace-encrypt=ON
SELECT @@innodb_sys_tablespace_encrypt;
@@innodb_sys_tablespace_encrypt
1
CREATE TABLE t1(a TEXT) TABLESPACE = innodb_system, ENCRYPTION='Y';
CREATE TABLE t2(a TEXT) TABLESPACE = innodb_system, ENCRYPTION='N';
ERROR HY000: InnoDB: Tablespace `innodb_system` can contain only an ENCRYPTED tables.
CREATE TABLE t3(a TEXT) TABLESPACE = innodb_system;
ERROR HY000: InnoDB: Tablespace `innodb_system` can contain only an ENCRYPTED tables.
# System is encrypted, test with innodb_encrypt_tables=OFF
SET GLOBAL innodb_encrypt_tables=OFF;
SELECT @@innodb_encrypt_tables;
@@innodb_encrypt_tables
OFF
CREATE TABLE t4(a TEXT) TABLESPACE = innodb_system;
ERROR HY000: InnoDB: Tablespace `innodb_system` can contain only an ENCRYPTED tables.
CREATE TABLE t4_1(a TEXT) TABLESPACE = innodb_system, ENCRYPTION='N';
ERROR HY000: InnoDB: Tablespace `innodb_system` can contain only an ENCRYPTED tables.
CREATE TABLE t4_2(a TEXT) TABLESPACE = innodb_system, ENCRYPTION='Y';
DROP TABLE t4_2;
# System is encrypted, test with innodb_encrypt_tables=ON
SET GLOBAL innodb_encrypt_tables=ON;
SELECT @@innodb_encrypt_tables;
@@innodb_encrypt_tables
ON
CREATE TABLE t5(a TEXT) TABLESPACE = innodb_system;
CREATE TABLE t5_1(a TEXT) TABLESPACE = innodb_system, ENCRYPTION='N';
ERROR HY000: InnoDB: Tablespace `innodb_system` can contain only an ENCRYPTED tables.
CREATE TABLE t5_2(a TEXT) TABLESPACE = innodb_system, ENCRYPTION='Y';
DROP TABLE t5_2;
# System is encrypted, test with innodb_encrypt_tables=FORCE
SET GLOBAL innodb_encrypt_tables=FORCE;
SELECT @@innodb_encrypt_tables;
@@innodb_encrypt_tables
FORCE
CREATE TABLE t5_3(a TEXT) TABLESPACE = innodb_system;
CREATE TABLE t5_4(a TEXT) TABLESPACE = innodb_system, ENCRYPTION='N';
ERROR HY000: InnoDB: Only Master Key encrypted tables (ENCRYPTION='Y') can be created with innodb_encrypt_tables=FORCE.
CREATE TABLE t5_5(a TEXT) TABLESPACE = innodb_system, ENCRYPTION='Y';
DROP TABLE t5_5;
SET GLOBAL innodb_encrypt_tables=default;
INSERT INTO t1 (a) VALUES ('Abracadabra is of unknown origin, and its first occurrence is');
INSERT INTO t5 (a) VALUES ('Abracadabra is of unknown origin, and its first occurrence is');
# rebuild a table remains encrypted
CREATE TABLE t6(a TEXT) TABLESPACE = innodb_system, ENCRYPTION='Y';
INSERT INTO t6 (a) VALUES ('Abracadabra is of unknown origin, and its first occurrence is');
ALTER TABLE t6 ALGORITHM=COPY, TABLESPACE=innodb_system;
SHOW CREATE TABLE t6;
Table	Create Table
t6	CREATE TABLE `t6` (
  `a` text
) /*!50100 TABLESPACE `innodb_system` */ ENGINE=InnoDB DEFAULT CHARSET=latin1 ENCRYPTION='Y'
CREATE TABLE t7(a TEXT) TABLESPACE = innodb_system, ENCRYPTION='Y';
INSERT INTO t7 (a) VALUES ('Abracadabra is of unknown origin, and its first occurrence is');
ALTER TABLE t7 ALGORITHM=COPY;
SHOW CREATE TABLE t7;
Table	Create Table
t7	CREATE TABLE `t7` (
  `a` text
) /*!50100 TABLESPACE `innodb_system` */ ENGINE=InnoDB DEFAULT CHARSET=latin1 ENCRYPTION='Y'
# rebuild to a table unencrypted and in system should be disalowed
ALTER TABLE t7 ALGORITHM=COPY, ENCRYPTION='N';
ERROR HY000: InnoDB: Tablespace `innodb_system` can contain only an ENCRYPTED tables.
SHOW CREATE TABLE t7;
Table	Create Table
t7	CREATE TABLE `t7` (
  `a` text
) /*!50100 TABLESPACE `innodb_system` */ ENGINE=InnoDB DEFAULT CHARSET=latin1 ENCRYPTION='Y'
ALTER TABLE t7 ENCRYPTION='N';
ERROR HY000: InnoDB: Tablespace `innodb_system` can contain only an ENCRYPTED tables.
SHOW CREATE TABLE t7;
Table	Create Table
t7	CREATE TABLE `t7` (
  `a` text
) /*!50100 TABLESPACE `innodb_system` */ ENGINE=InnoDB DEFAULT CHARSET=latin1 ENCRYPTION='Y'
# Move encrypted table in system tablespace to file_per_table tablespace
# t7 should be encrypted table. Verify the ibd later
ALTER TABLE t7 TABLESPACE=`innodb_file_per_table`;
SHOW CREATE TABLE t7;
Table	Create Table
t7	CREATE TABLE `t7` (
  `a` text
) /*!50100 TABLESPACE `innodb_file_per_table` */ ENGINE=InnoDB DEFAULT CHARSET=latin1 ENCRYPTION='Y'
# Move encrypted table in sytem tablespace as an unencrypted table
ALTER TABLE t6 TABLESPACE=`innodb_file_per_table`, ENCRYPTION='N';
SHOW CREATE TABLE t6;
Table	Create Table
t6	CREATE TABLE `t6` (
  `a` text
) /*!50100 TABLESPACE `innodb_file_per_table` */ ENGINE=InnoDB DEFAULT CHARSET=latin1 ENCRYPTION='N'
# Move unencrypted file_per_table to a table in encrypted system tablespace
CREATE TABLE t8(a TEXT);
INSERT INTO t8 (a) VALUES ('Abracadabra is of unknown origin, and its first occurrence is');
ALTER TABLE t8 TABLESPACE=`innodb_system`;
ERROR HY000: InnoDB: Tablespace `innodb_system` can contain only an ENCRYPTED tables.
ALTER TABLE t8 TABLESPACE=`innodb_system`, ENCRYPTION='Y';
# Move encrypted file_per_table to a table in encrypted system tablespace
CREATE TABLE t9(a TEXT) ENCRYPTION='Y';
INSERT INTO t9 (a) VALUES ('Abracadabra is of unknown origin, and its first occurrence is');
ALTER TABLE t9 TABLESPACE=`innodb_system`;
# Test the behaviour when innodb_file_per_table is disabled
SET @save_innodb_file_per_table = @@global.innodb_file_per_table;
SET GLOBAL innodb_file_per_table = 0;
# Setting innodb_file_per_table=0 forces table to be created using system tablespace unless
# explicilty tablespace=innodb_file_per_table is mentioned
# Must fail because encrypted sys cannot contain an un-encrypted table.
CREATE TABLE t2 (a int);
ERROR HY000: InnoDB: Tablespace `innodb_system` can contain only an ENCRYPTED tables.
CREATE TABLE t2 (a int) ENCRYPTION='Y';
SHOW CREATE TABLE t2;
Table	Create Table
t2	CREATE TABLE `t2` (
  `a` int(11) DEFAULT NULL
) ENGINE=InnoDB DEFAULT CHARSET=latin1 ENCRYPTION='Y'
DROP TABLE t2;
CREATE TABLE t3 (a int) ENCRYPTION='N';
ERROR HY000: InnoDB: Tablespace `innodb_system` can contain only an ENCRYPTED tables.
# Must be successful
CREATE TABLE t2 (a int) TABLESPACE = `innodb_file_per_table`, ENCRYPTION='Y';
CREATE TABLE t3 (a int) TABLESPACE = `innodb_file_per_table`, ENCRYPTION='N';
DROP TABLE t2,t3;
CREATE TABLE t2 (a int) ENCRYPTION='Y';
CREATE TABLE t3 (a int) ENCRYPTION='Y';
CREATE TABLE t4 (a int) ENCRYPTION='Y';
# Try to move the table from encrypted sys to un-encrypted file_per_tablespace
# Must pass on 5.7
ALTER TABLE t2 TABLESPACE = `innodb_file_per_table`, ENCRYPTION='N';
# Try to move the table from encrypted sys to encrypted file_per_tablespace
# Both must be successful
ALTER TABLE t3 TABLESPACE = `innodb_file_per_table`, ENCRYPTION='Y';
ALTER TABLE t4 TABLESPACE = `innodb_file_per_table`;
DROP TABLE t2,t3,t4;
# Try to move the table from encrypted sys to un-encrypted external tablespace
CREATE TABLESPACE tb01 ADD DATAFILE 'tb01.ibd' ENGINE=INNODB;
CREATE TABLE t2 (a int) ENCRYPTION='Y';
CREATE TABLE t3 (a int) ENCRYPTION='Y';
# Must Fail
ALTER TABLE t2 TABLESPACE = `tb01`;
ERROR HY000: InnoDB: Tablespace `tb01` cannot contain an ENCRYPTED table.
# Must be successful
ALTER TABLE t3 TABLESPACE = `tb01`, ENCRYPTION='N';
SHOW CREATE TABLE t3;
Table	Create Table
t3	CREATE TABLE `t3` (
  `a` int(11) DEFAULT NULL
) /*!50100 TABLESPACE `tb01` */ ENGINE=InnoDB DEFAULT CHARSET=latin1 ENCRYPTION='N'
DROP TABLE t2,t3;
DROP TABLESPACE tb01;
# Try to move the table from encrypted sys to encrypted external tablespace
# Must be successful as both the source & destination are encrypted
CREATE TABLESPACE tb01 ADD DATAFILE 'tb01.ibd' ENCRYPTION='Y' ENGINE=INNODB;
CREATE TABLE t2 (a int) ENCRYPTION='Y';
CREATE TABLE t3 (a int) ENCRYPTION='Y';
ALTER TABLE t2 TABLESPACE = `tb01`;
ALTER TABLE t3 TABLESPACE = `tb01`, ENCRYPTION='Y';
DROP TABLE t2,t3;
DROP TABLESPACE tb01;
SET GLOBAL innodb_file_per_table = @save_innodb_file_per_table;
# make sure that system tablespace is encrypted
Pattern not found.
Pattern not found.
# Start default MTR instance
# restart
